Name,Surname,Product name,Rating,Comment
Uma,Ramirez,Printer,4,"Average product, nothing special."
Oscar,Williams,Smartphone,1,It's decent for the price.
Vince,Smith,Keyboard,1,"It's okay, does the job."
Zane,Moore,Printer,5,Highly recommend this product.
Paul,Lee,Headphones,3,"Fantastic, will buy again."
Emily,Thompson,Mouse,5,"Average product, nothing special."
Charlie,Rodriguez,Mouse,5,"It's okay, does the job."
Charlie,Rodriguez,Tablet,3,"It's okay, does the job."
Charlie,Smith,Headphones,5,"Excellent product, very satisfied!"
Vince,Gonzalez,Smartwatch,1,"Pretty good, but could be better."
Rachel,Jackson,Monitor,1,Subpar performance.
Hannah,Smith,Mouse,3,"It's okay, does the job."
Quincy,Sanchez,Printer,1,It's decent for the price.
Jane,Taylor,Smartphone,1,Best purchase ever!
Uma,Davis,Smartwatch,1,Amazing quality and fast delivery!
Bob,Thomas,Laptop,5,"Terrible product, won't buy again."
Bob,White,Mouse,3,Not what I expected.
John,Thomas,Monitor,5,"It's okay, does the job."
Rachel,Jackson,Camera,2,It's decent for the price.
Yara,Clark,Tablet,4,"Five stars, hands down."
Steve,Gonzalez,Laptop,5,"Five stars, hands down."
Wendy,Sanchez,Headphones,4,"Wouldn't recommend, not worth the money."
Jane,Jones,Printer,1,Very disappointed with the performance.
Grace,Harris,Printer,5,"Excellent product, very satisfied!"
Yara,Wilson,Keyboard,2,Not what I expected.
Rachel,Moore,Printer,4,"It's okay, does the job."
Tina,Hernandez,Smartphone,1,"Average product, nothing special."
Alice,Lee,Headphones,2,"Pretty good, but could be better."
Quincy,Jackson,Smartphone,4,Very disappointed with the performance.
Steve,Thompson,Printer,3,Very poor quality.
Emily,Williams,Smartwatch,1,Very disappointed with the performance.
Yara,Thomas,Smartphone,3,"It's okay, does the job."
Quincy,Wilson,Smartwatch,3,Worth every penny.
Ian,Wilson,Tablet,5,Loving it so far!
Tina,Sanchez,Laptop,2,Highly recommend this product.
Karen,Miller,Mouse,3,Loving it so far!
David,Martin,Tablet,1,"Terrible product, won't buy again."
Leo,Jackson,Smartphone,5,"Not satisfied, the product broke after a week."
Karen,Perez,Laptop,4,"Terrible product, won't buy again."
Alice,Rodriguez,Camera,1,"Fantastic, will buy again."
Wendy,Anderson,Smartwatch,5,Not what I expected.
Tina,Miller,Keyboard,2,"Pretty good, but could be better."
Tina,Taylor,Smartwatch,1,"Fantastic, will buy again."
Rachel,Moore,Tablet,3,Very poor quality.
Steve,Davis,Laptop,4,"Excellent product, very satisfied!"
Charlie,Davis,Smartwatch,1,"Not satisfied, the product broke after a week."
Wendy,Perez,Smartwatch,5,Very disappointed with the performance.
David,Sanchez,Camera,3,It's decent for the price.
Wendy,Miller,Monitor,1,Very disappointed with the performance.
Emily,Ramirez,Printer,4,"Five stars, hands down."
Leo,Davis,Headphones,1,Highly recommend this product.
Hannah,Rodriguez,Keyboard,1,Worth every penny.
Karen,Clark,Smartphone,3,"Fantastic, will buy again."
Grace,Ramirez,Tablet,4,"Five stars, hands down."
Ian,Johnson,Printer,5,Highly recommend this product.
Jack,Lee,Headphones,1,"Fantastic, will buy again."
Oscar,Rodriguez,Printer,3,"Average product, nothing special."
Bob,Martin,Keyboard,3,"Average product, nothing special."
Wendy,Smith,Headphones,4,"Not satisfied, the product broke after a week."
Rachel,White,Smartwatch,1,Not what I expected.
Tina,Taylor,Headphones,4,"Five stars, hands down."
Leo,Anderson,Tablet,3,Exceeded my expectations!
David,Clark,Tablet,3,"Five stars, hands down."
Frank,Wilson,Camera,1,"Excellent product, very satisfied!"
Leo,Smith,Camera,3,Amazing quality and fast delivery!
Nina,Anderson,Laptop,3,Not what I expected.
Jane,Thompson,Keyboard,5,Amazing quality and fast delivery!
Jack,Davis,Printer,2,"Excellent product, very satisfied!"
Xander,Wilson,Smartphone,4,Loving it so far!
Zane,Davis,Smartwatch,2,"Pretty good, but could be better."
Mia,Rodriguez,Keyboard,1,Subpar performance.
Wendy,Thompson,Keyboard,2,"Excellent product, very satisfied!"
David,Harris,Monitor,4,"Fantastic, will buy again."
Quincy,Moore,Smartphone,2,Not what I expected.
Leo,Gonzalez,Smartphone,3,Very poor quality.
Mia,Harris,Smartphone,4,"Average product, nothing special."
Jack,Smith,Mouse,2,Loving it so far!
Vince,Brown,Headphones,5,Subpar performance.
Yara,Martin,Camera,5,Worth every penny.
Mia,Perez,Smartwatch,4,It's decent for the price.
Karen,Wilson,Headphones,5,"Terrible product, won't buy again."
Ian,Jones,Camera,4,"Wouldn't recommend, not worth the money."
Oscar,Anderson,Smartwatch,1,"Terrible product, won't buy again."
Jack,Garcia,Laptop,5,Very poor quality.
Wendy,Lee,Mouse,1,Worth every penny.
Grace,Anderson,Laptop,3,Best purchase ever!
Karen,Wilson,Monitor,4,"Terrible product, won't buy again."
Jane,Perez,Camera,5,"Terrible product, won't buy again."
Grace,Jackson,Keyboard,2,Worth every penny.
Quincy,Clark,Tablet,4,Very poor quality.
Nina,Ramirez,Keyboard,1,Best purchase ever!
Ian,Ramirez,Headphones,4,Highly recommend this product.
Rachel,Williams,Keyboard,4,"Terrible product, won't buy again."
Alice,Gonzalez,Printer,1,"Five stars, hands down."
Wendy,Lopez,Laptop,4,Best purchase ever!
Hannah,Jones,Smartphone,4,Amazing quality and fast delivery!
Steve,Hernandez,Smartwatch,3,Exceeded my expectations!
Steve,Johnson,Tablet,1,It's decent for the price.
Ian,Anderson,Camera,2,Exceeded my expectations!
Grace,Johnson,Smartphone,3,"Wouldn't recommend, not worth the money."
Paul,Moore,Printer,5,"Excellent product, very satisfied!"
Jane,Williams,Headphones,1,Worth every penny.
Jack,Thompson,Tablet,4,Best purchase ever!
Wendy,Smith,Smartphone,5,Very poor quality.
Jack,Smith,Printer,1,Very disappointed with the performance.
Vince,Taylor,Mouse,2,"Average product, nothing special."
Steve,White,Headphones,1,"Terrible product, won't buy again."
Grace,Johnson,Laptop,1,"Not satisfied, the product broke after a week."
Yara,Thompson,Camera,1,Loving it so far!
Oscar,Martinez,Laptop,4,Loving it so far!
Jack,Rodriguez,Smartphone,3,Subpar performance.
Ian,Moore,Laptop,4,"Five stars, hands down."
Jack,Wilson,Tablet,5,"It's okay, does the job."
John,Martin,Printer,1,"Pretty good, but could be better."
Yara,Jackson,Smartwatch,2,Subpar performance.
Quincy,Harris,Headphones,2,Very disappointed with the performance.
Zane,Thompson,Camera,5,"Five stars, hands down."
Yara,Brown,Keyboard,3,"Five stars, hands down."
Wendy,Martin,Monitor,3,Subpar performance.
Tina,Lee,Smartwatch,1,It's decent for the price.
Ian,Harris,Mouse,1,"Not satisfied, the product broke after a week."
Quincy,Jones,Headphones,4,Best purchase ever!
Charlie,Lopez,Smartwatch,4,"Excellent product, very satisfied!"
David,White,Tablet,1,"Not satisfied, the product broke after a week."
Rachel,Thomas,Keyboard,2,"Average product, nothing special."
Uma,Martin,Mouse,5,"Average product, nothing special."
John,Garcia,Tablet,4,Worth every penny.
Jack,Thomas,Laptop,1,"Fantastic, will buy again."
John,Williams,Smartphone,4,Very poor quality.
Alice,Williams,Smartphone,4,Loving it so far!
Uma,Johnson,Laptop,5,Amazing quality and fast delivery!
Frank,Martin,Smartwatch,3,Best purchase ever!
Zane,Martin,Monitor,4,"Excellent product, very satisfied!"
Nina,Thomas,Mouse,2,Subpar performance.
Wendy,Jones,Smartphone,3,"Not satisfied, the product broke after a week."
Frank,Sanchez,Keyboard,5,"Five stars, hands down."
John,Williams,Printer,5,"Excellent product, very satisfied!"
Vince,Lee,Camera,2,Very disappointed with the performance.
Steve,Taylor,Printer,2,"Five stars, hands down."
Hannah,Hernandez,Keyboard,4,Highly recommend this product.
Rachel,Williams,Keyboard,3,Best purchase ever!
Uma,Garcia,Printer,3,"Excellent product, very satisfied!"
Xander,Anderson,Smartwatch,4,"Excellent product, very satisfied!"
Wendy,Perez,Smartphone,3,"Terrible product, won't buy again."
Rachel,Hernandez,Laptop,4,Loving it so far!
Xander,Hernandez,Monitor,4,"Five stars, hands down."
Wendy,Harris,Keyboard,4,"Average product, nothing special."
David,Thomas,Smartphone,2,Not what I expected.
Bob,Taylor,Monitor,2,"Wouldn't recommend, not worth the money."
Alice,Martin,Headphones,3,Very poor quality.
John,Thomas,Printer,3,"Pretty good, but could be better."
David,Sanchez,Monitor,2,"Excellent product, very satisfied!"
Jane,Garcia,Keyboard,3,Very disappointed with the performance.
Tina,Clark,Keyboard,1,Amazing quality and fast delivery!
Wendy,Thomas,Mouse,5,"Not satisfied, the product broke after a week."
Jack,Moore,Printer,2,Loving it so far!
Uma,Thomas,Camera,2,"Terrible product, won't buy again."
Leo,Lopez,Keyboard,2,"Excellent product, very satisfied!"
Bob,Anderson,Mouse,5,Exceeded my expectations!
Wendy,Thomas,Monitor,2,Loving it so far!
John,Martin,Camera,3,Best purchase ever!
Jack,White,Keyboard,5,Very disappointed with the performance.
Wendy,Thompson,Printer,5,Highly recommend this product.
Jack,Harris,Printer,5,Exceeded my expectations!
David,Moore,Keyboard,5,Very poor quality.
Xander,Perez,Monitor,2,Worth every penny.
Oscar,Thomas,Tablet,4,"Five stars, hands down."
Alice,Hernandez,Laptop,3,Subpar performance.
Paul,Lopez,Laptop,5,Very poor quality.
Yara,Thomas,Headphones,3,"Five stars, hands down."
Uma,Lopez,Mouse,5,Best purchase ever!
Charlie,Miller,Camera,3,"Not satisfied, the product broke after a week."
Ian,White,Smartphone,4,Exceeded my expectations!
David,Perez,Headphones,3,"Pretty good, but could be better."
Karen,Martinez,Mouse,3,"Not satisfied, the product broke after a week."
Rachel,Perez,Camera,2,"Excellent product, very satisfied!"
Vince,White,Headphones,5,Loving it so far!
Vince,Lopez,Smartphone,4,Amazing quality and fast delivery!
Quincy,Brown,Tablet,3,"Terrible product, won't buy again."
Wendy,Martin,Printer,5,"It's okay, does the job."
Oscar,Moore,Keyboard,3,Very disappointed with the performance.
Xander,Hernandez,Keyboard,2,Amazing quality and fast delivery!
Steve,Moore,Smartphone,4,Best purchase ever!
David,Smith,Mouse,3,Best purchase ever!
Emily,Lopez,Laptop,3,Loving it so far!
Jane,Davis,Camera,4,"Average product, nothing special."
Yara,Sanchez,Smartwatch,2,"Excellent product, very satisfied!"
Zane,Thompson,Laptop,5,It's decent for the price.
Ian,Moore,Mouse,5,"Not satisfied, the product broke after a week."
Karen,Johnson,Laptop,3,Very poor quality.
Vince,Jones,Smartwatch,1,"Wouldn't recommend, not worth the money."
Steve,Garcia,Headphones,2,"Five stars, hands down."
Rachel,Garcia,Camera,2,It's decent for the price.
Quincy,White,Laptop,1,Best purchase ever!
Paul,Hernandez,Smartphone,4,Highly recommend this product.
Charlie,Harris,Tablet,2,Subpar performance.
Zane,Johnson,Tablet,5,Amazing quality and fast delivery!
Jack,Smith,Mouse,4,Highly recommend this product.
Wendy,Garcia,Smartphone,5,It's decent for the price.
Grace,Thompson,Laptop,1,Very disappointed with the performance.
Yara,Gonzalez,Smartwatch,5,Best purchase ever!
David,Williams,Tablet,3,"Fantastic, will buy again."
Wendy,Miller,Laptop,1,Amazing quality and fast delivery!
Grace,Garcia,Keyboard,3,"Fantastic, will buy again."
Tina,Wilson,Smartphone,4,"Fantastic, will buy again."
John,Wilson,Laptop,3,"Wouldn't recommend, not worth the money."
Hannah,Taylor,Laptop,2,"Terrible product, won't buy again."
Rachel,Jones,Smartphone,3,Amazing quality and fast delivery!
Zane,Harris,Headphones,4,Not what I expected.
Paul,Anderson,Camera,5,Exceeded my expectations!
Grace,Gonzalez,Laptop,1,Subpar performance.
Uma,Rodriguez,Smartphone,1,Highly recommend this product.
Charlie,Brown,Camera,3,"Excellent product, very satisfied!"
Oscar,Anderson,Monitor,4,"Fantastic, will buy again."
Tina,Jones,Headphones,4,"Pretty good, but could be better."
Grace,Jones,Printer,5,Not what I expected.
Quincy,Moore,Mouse,2,Subpar performance.
Wendy,Martinez,Camera,2,"Excellent product, very satisfied!"
Tina,Sanchez,Printer,4,Highly recommend this product.
Mia,Martin,Mouse,4,Exceeded my expectations!
Jane,Anderson,Printer,5,Worth every penny.
Charlie,Taylor,Smartphone,3,"It's okay, does the job."
Uma,Lee,Laptop,3,Very poor quality.
Quincy,Hernandez,Printer,3,"Excellent product, very satisfied!"
Paul,Thompson,Headphones,5,Exceeded my expectations!
Tina,Miller,Laptop,4,Subpar performance.
Vince,Miller,Smartwatch,4,Best purchase ever!
Bob,Davis,Smartphone,2,Very disappointed with the performance.
Vince,Thomas,Camera,2,Exceeded my expectations!
Rachel,White,Keyboard,2,"Five stars, hands down."
Grace,Gonzalez,Headphones,4,"Fantastic, will buy again."
Mia,Miller,Laptop,2,Highly recommend this product.
Alice,Gonzalez,Smartphone,2,"Fantastic, will buy again."
Oscar,Lopez,Tablet,3,Highly recommend this product.
Uma,Smith,Headphones,3,Very disappointed with the performance.
Leo,Miller,Monitor,4,"Excellent product, very satisfied!"
Oscar,Harris,Smartphone,3,"Five stars, hands down."
Leo,Miller,Printer,5,Worth every penny.
Zane,Lee,Smartphone,1,It's decent for the price.
Tina,Thomas,Mouse,1,"Pretty good, but could be better."
Jack,Martinez,Monitor,3,Worth every penny.
Oscar,Lopez,Mouse,1,Worth every penny.
Paul,Anderson,Laptop,3,Not what I expected.
Xander,Gonzalez,Mouse,4,Best purchase ever!
Quincy,Hernandez,Mouse,2,"It's okay, does the job."
Uma,Jackson,Monitor,3,"Pretty good, but could be better."
Alice,Martin,Laptop,1,Subpar performance.
Quincy,Jones,Keyboard,4,Loving it so far!
Vince,Thomas,Keyboard,5,Worth every penny.
Mia,Martin,Camera,1,Amazing quality and fast delivery!
